{"meta": {"format": 3, "version": "7.10.7", "timestamp": "2026-02-15T00:43:03.753149", "branch_coverage": false, "show_contexts": false}, "files": {"dashboard_server.py": {"executed_lines": [1, 60, 61, 62, 63, 64, 65, 66, 67, 69, 70, 71, 73, 76, 80, 84, 91, 94, 101, 105, 106, 112, 114, 117, 121, 122, 124, 126, 128, 130, 131, 132, 133, 137, 138, 140, 141, 142, 158, 159, 165, 185, 186, 187, 188, 191, 200, 206, 207, 208, 211, 214, 217, 218, 220, 221, 223, 225, 226, 227, 228, 231, 232, 234, 238, 256, 296, 370, 379, 380, 383, 384, 385, 387, 389, 390, 391, 400, 401, 403, 404, 410, 416, 417, 419, 421, 424, 425, 427, 428, 431, 432, 438, 445, 446, 447, 448, 454, 455, 458, 459, 460, 464, 466, 467, 469, 471, 474, 475, 476, 477, 482, 488, 489, 491, 524, 595], "summary": {"covered_lines": 115, "num_statements": 213, "percent_covered": 53.990610328638496, "percent_covered_display": "54", "missing_lines": 98, "excluded_lines": 0}, "missing_lines": [95, 118, 125, 143, 145, 146, 147, 148, 192, 236, 244, 246, 271, 273, 274, 277, 279, 280, 281, 287, 289, 290, 291, 312, 313, 315, 316, 319, 320, 321, 331, 333, 340, 341, 346, 349, 351, 352, 353, 359, 361, 362, 363, 364, 365, 396, 397, 405, 406, 407, 408, 409, 412, 413, 433, 434, 435, 449, 450, 451, 456, 461, 462, 478, 479, 483, 484, 485, 486, 496, 497, 498, 499, 500, 501, 502, 503, 504, 505, 506, 507, 508, 509, 510, 511, 513, 514, 520, 521, 526, 554, 561, 568, 575, 582, 585, 592, 596], "excluded_lines": [], "functions": {"get_cors_origins": {"executed_lines": [91, 94, 101], "summary": {"covered_lines": 3, "num_statements": 4, "percent_covered": 75.0, "percent_covered_display": "75", "missing_lines": 1, "excluded_lines": 0}, "missing_lines": [95], "excluded_lines": []}, "cors_middleware": {"executed_lines": [112, 114, 117, 121, 122, 124, 126, 128, 130, 131, 132, 133], "summary": {"covered_lines": 12, "num_statements": 14, "percent_covered": 85.71428571428571, "percent_covered_display": "86", "missing_lines": 2, "excluded_lines": 0}, "missing_lines": [118, 125], "excluded_lines": []}, "error_middleware": {"executed_lines": [140, 141, 142], "summary": {"covered_lines": 3, "num_statements": 8, "percent_covered": 37.5, "percent_covered_display": "38", "missing_lines": 5, "excluded_lines": 0}, "missing_lines": [143, 145, 146, 147, 148], "excluded_lines": []}, "DashboardServer.__init__": {"executed_lines": [185, 186, 187, 188, 191, 200, 206, 207, 208, 211, 214, 217, 218, 220, 221], "summary": {"covered_lines": 15, "num_statements": 16, "percent_covered": 93.75, "percent_covered_display": "94", "missing_lines": 1, "excluded_lines": 0}, "missing_lines": [192], "excluded_lines": []}, "DashboardServer._setup_routes": {"executed_lines": [225, 226, 227, 228, 231, 232], "summary": {"covered_lines": 6, "num_statements": 6, "percent_covered": 100.0, "percent_covered_display": "100", "missing_lines": 0, "excluded_lines": 0}, "missing_lines": [], "excluded_lines": []}, "DashboardServer.handle_options": {"executed_lines": [], "summary": {"covered_lines": 0, "num_statements": 1, "percent_covered": 0.0, "percent_covered_display": "0", "missing_lines": 1, "excluded_lines": 0}, "missing_lines": [236], "excluded_lines": []}, "DashboardServer.health_check": {"executed_lines": [], "summary": {"covered_lines": 0, "num_statements": 2, "percent_covered": 0.0, "percent_covered_display": "0", "missing_lines": 2, "excluded_lines": 0}, "missing_lines": [244, 246], "excluded_lines": []}, "DashboardServer.get_metrics": {"executed_lines": [], "summary": {"covered_lines": 0, "num_statements": 11, "percent_covered": 0.0, "percent_covered_display": "0", "missing_lines": 11, "excluded_lines": 0}, "missing_lines": [271, 273, 274, 277, 279, 280, 281, 287, 289, 290, 291], "excluded_lines": []}, "DashboardServer.get_agent": {"executed_lines": [], "summary": {"covered_lines": 0, "num_statements": 22, "percent_covered": 0.0, "percent_covered_display": "0", "missing_lines": 22, "excluded_lines": 0}, "missing_lines": [312, 313, 315, 316, 319, 320, 321, 331, 333, 340, 341, 346, 349, 351, 352, 353, 359, 361, 362, 363, 364, 365], "excluded_lines": []}, "DashboardServer.websocket_handler": {"executed_lines": [379, 380, 383, 384, 385, 387, 389, 390, 391, 400, 401, 403, 404, 410, 416, 417, 419], "summary": {"covered_lines": 17, "num_statements": 26, "percent_covered": 65.38461538461539, "percent_covered_display": "65", "missing_lines": 9, "excluded_lines": 0}, "missing_lines": [396, 397, 405, 406, 407, 408, 409, 412, 413], "excluded_lines": []}, "DashboardServer._broadcast_metrics": {"executed_lines": [424, 425, 427, 428, 431, 432, 438, 445, 446, 447, 448, 454, 455, 458, 459, 460], "summary": {"covered_lines": 16, "num_statements": 25, "percent_covered": 64.0, "percent_covered_display": "64", "missing_lines": 9, "excluded_lines": 0}, "missing_lines": [433, 434, 435, 449, 450, 451, 456, 461, 462], "excluded_lines": []}, "DashboardServer._start_broadcast": {"executed_lines": [466, 467], "summary": {"covered_lines": 2, "num_statements": 2, "percent_covered": 100.0, "percent_covered_display": "100", "missing_lines": 0, "excluded_lines": 0}, "missing_lines": [], "excluded_lines": []}, "DashboardServer._cleanup_websockets": {"executed_lines": [471, 474, 475, 476, 477, 482, 488, 489], "summary": {"covered_lines": 8, "num_statements": 14, "percent_covered": 57.142857142857146, "percent_covered_display": "57", "missing_lines": 6, "excluded_lines": 0}, "missing_lines": [478, 479, 483, 484, 485, 486], "excluded_lines": []}, "DashboardServer.run": {"executed_lines": [], "summary": {"covered_lines": 0, "num_statements": 20, "percent_covered": 0.0, "percent_covered_display": "0", "missing_lines": 20, "excluded_lines": 0}, "missing_lines": [496, 497, 498, 499, 500, 501, 502, 503, 504, 505, 506, 507, 508, 509, 510, 511, 513, 514, 520, 521], "excluded_lines": []}, "main": {"executed_lines": [], "summary": {"covered_lines": 0, "num_statements": 8, "percent_covered": 0.0, "percent_covered_display": "0", "missing_lines": 8, "excluded_lines": 0}, "missing_lines": [526, 554, 561, 568, 575, 582, 585, 592], "excluded_lines": []}, "": {"executed_lines": [1, 60, 61, 62, 63, 64, 65, 66, 67, 69, 70, 71, 73, 76, 80, 84, 105, 106, 137, 138, 158, 159, 165, 223, 234, 238, 256, 296, 370, 421, 464, 469, 491, 524, 595], "summary": {"covered_lines": 33, "num_statements": 34, "percent_covered": 97.05882352941177, "percent_covered_display": "97", "missing_lines": 1, "excluded_lines": 0}, "missing_lines": [596], "excluded_lines": []}}, "classes": {"DashboardServer": {"executed_lines": [185, 186, 187, 188, 191, 200, 206, 207, 208, 211, 214, 217, 218, 220, 221, 225, 226, 227, 228, 231, 232, 379, 380, 383, 384, 385, 387, 389, 390, 391, 400, 401, 403, 404, 410, 416, 417, 419, 424, 425, 427, 428, 431, 432, 438, 445, 446, 447, 448, 454, 455, 458, 459, 460, 466, 467, 471, 474, 475, 476, 477, 482, 488, 489], "summary": {"covered_lines": 64, "num_statements": 145, "percent_covered": 44.13793103448276, "percent_covered_display": "44", "missing_lines": 81, "excluded_lines": 0}, "missing_lines": [192, 236, 244, 246, 271, 273, 274, 277, 279, 280, 281, 287, 289, 290, 291, 312, 313, 315, 316, 319, 320, 321, 331, 333, 340, 341, 346, 349, 351, 352, 353, 359, 361, 362, 363, 364, 365, 396, 397, 405, 406, 407, 408, 409, 412, 413, 433, 434, 435, 449, 450, 451, 456, 461, 462, 478, 479, 483, 484, 485, 486, 496, 497, 498, 499, 500, 501, 502, 503, 504, 505, 506, 507, 508, 509, 510, 511, 513, 514, 520, 521], "excluded_lines": []}, "": {"executed_lines": [1, 60, 61, 62, 63, 64, 65, 66, 67, 69, 70, 71, 73, 76, 80, 84, 91, 94, 101, 105, 106, 112, 114, 117, 121, 122, 124, 126, 128, 130, 131, 132, 133, 137, 138, 140, 141, 142, 158, 159, 165, 223, 234, 238, 256, 296, 370, 421, 464, 469, 491, 524, 595], "summary": {"covered_lines": 51, "num_statements": 68, "percent_covered": 75.0, "percent_covered_display": "75", "missing_lines": 17, "excluded_lines": 0},